URL,Последнее сканирование
https://slodocs.si/services/nalogovoe-rezidentstvo-slovenii,2026-07-21
https://slodocs.si/terms,2026-07-21
https://slodocs.si/contact,2026-07-19
https://slodocs.si/catalog,2026-07-19
https://slodocs.si/,2026-07-19
https://slodocs.si/services/nalogovyi-vycet-na-izdivencev-dlia-semi-s-vnz,2026-07-18
https://slodocs.si/services/mozno-li-stat-nalogovym-rezidentom-ranse-183-dnei,2026-07-18
https://slodocs.si/services/oformlenie-rebenka-v-skolu-v-slovenii-osnovna-sola-1-9-klassy,2026-07-09
https://slodocs.si/privacy,2026-07-03
https://slodocs.si/services/kak-naiti-vraca-v-slovenii-licnyi-vrac-ginekolog-pediatr-stomatolog,2026-06-14